time,setpoint,velocity,error,control
0.000,100.00,2.4000,100.0000,12.0000
0.010,100.00,4.7520,97.6000,12.0000
0.020,100.00,7.0570,95.2480,12.0000
0.030,100.00,9.3158,92.9430,12.0000
0.040,100.00,11.5295,90.6842,12.0000
0.050,100.00,13.6989,88.4705,12.0000
0.060,100.00,15.8249,86.3011,12.0000
0.070,100.00,17.9084,84.1751,12.0000
0.080,100.00,19.9503,82.0916,12.0000
0.090,100.00,21.9513,80.0497,12.0000
0.100,100.00,23.9122,78.0487,12.0000
0.110,100.00,25.8340,76.0878,12.0000
0.120,100.00,27.7173,74.1660,12.0000
0.130,100.00,29.5630,72.2827,12.0000
0.140,100.00,31.3717,70.4370,12.0000
0.150,100.00,33.1443,68.6283,12.0000
0.160,100.00,34.8814,66.8557,12.0000
0.170,100.00,36.5838,65.1186,12.0000
0.180,100.00,38.2521,63.4162,12.0000
0.190,100.00,39.8870,61.7479,12.0000
0.200,100.00,41.4893,60.1130,12.0000
0.210,100.00,43.0595,58.5107,12.0000
0.220,100.00,44.5983,56.9405,12.0000
0.230,100.00,46.1064,55.4017,12.0000
0.240,100.00,47.5842,53.8936,12.0000
0.250,100.00,49.0325,52.4158,12.0000
0.260,100.00,50.4519,50.9675,12.0000
0.270,100.00,51.8429,49.5481,12.0000
0.280,100.00,53.2060,48.1571,12.0000
0.290,100.00,54.5419,46.7940,12.0000
0.300,100.00,55.8510,45.4581,12.0000
0.310,100.00,57.1340,44.1490,12.0000
0.320,100.00,58.3913,42.8660,12.0000
0.330,100.00,59.6235,41.6087,12.0000
0.340,100.00,60.8310,40.3765,12.0000
0.350,100.00,62.0144,39.1690,12.0000
0.360,100.00,63.1741,37.9856,12.0000
0.370,100.00,64.3107,36.8259,12.0000
0.380,100.00,65.4244,35.6893,12.0000
0.390,100.00,66.5160,34.5756,12.0000
0.400,100.00,67.5856,33.4840,12.0000
0.410,100.00,68.6339,32.4144,12.0000
0.420,100.00,69.6612,31.3661,12.0000
0.430,100.00,70.6680,30.3388,12.0000
0.440,100.00,71.6547,29.3320,12.0000
0.450,100.00,72.6216,28.3453,12.0000
0.460,100.00,73.5691,27.3784,12.0000
0.470,100.00,74.4977,26.4309,12.0000
0.480,100.00,75.4078,25.5023,12.0000
0.490,100.00,76.2996,24.5922,12.0000
0.500,100.00,77.1736,23.7004,12.0000
0.510,100.00,78.0302,22.8264,12.0000
0.520,100.00,78.8696,21.9698,12.0000
0.530,100.00,79.6922,21.1304,12.0000
0.540,100.00,80.4983,20.3078,12.0000
0.550,100.00,81.2884,19.5017,12.0000
0.560,100.00,82.0626,18.7116,12.0000
0.570,100.00,82.8213,17.9374,12.0000
0.580,100.00,83.5649,17.1787,12.0000
0.590,100.00,84.2936,16.4351,12.0000
0.600,100.00,85.0078,15.7064,12.0000
0.610,100.00,85.7076,14.9922,12.0000
0.620,100.00,86.3934,14.2924,12.0000
0.630,100.00,87.0656,13.6066,12.0000
0.640,100.00,87.7243,12.9344,12.0000
0.650,100.00,88.3698,12.2757,12.0000
0.660,100.00,89.0024,11.6302,12.0000
0.670,100.00,89.6223,10.9976,12.0000
0.680,100.00,90.2299,10.3777,12.0000
0.690,100.00,90.8253,9.7701,12.0000
0.700,100.00,91.4088,9.1747,12.0000
0.710,100.00,91.9806,8.5912,12.0000
0.720,100.00,92.5410,8.0194,12.0000
0.730,100.00,93.0902,7.4590,12.0000
0.740,100.00,93.6284,6.9098,12.0000
0.750,100.00,94.1558,6.3716,12.0000
0.760,100.00,94.6727,5.8442,12.0000
0.770,100.00,95.1792,5.3273,12.0000
0.780,100.00,95.6757,4.8208,12.0000
0.790,100.00,96.1621,4.3243,12.0000
0.800,100.00,96.6389,3.8379,12.0000
0.810,100.00,97.1061,3.3611,12.0000
0.820,100.00,97.5640,2.8939,12.0000
0.830,100.00,98.0127,2.4360,12.0000
0.840,100.00,98.4525,1.9873,12.0000
0.850,100.00,98.8834,1.5475,12.0000
0.860,100.00,99.3057,1.1166,12.0000
0.870,100.00,99.7196,0.6943,12.0000
0.880,100.00,100.1252,0.2804,12.0000
0.890,100.00,100.4876,-0.1252,11.8241
0.900,100.00,100.7838,-0.4876,11.5299
0.910,100.00,101.0870,-0.7838,11.5945
0.920,100.00,101.2478,-1.0870,10.9127
0.930,100.00,101.6229,-1.2478,12.0000
0.940,100.00,101.4121,-1.6229,9.1084
0.950,100.00,101.7838,-1.4121,12.0000
0.960,100.00,101.5088,-1.7838,8.8033
0.970,100.00,101.8786,-1.5088,12.0000
0.980,100.00,101.5643,-1.8786,8.6161
0.990,100.00,101.9330,-1.5643,12.0000
1.000,100.00,101.5945,-1.9330,8.5010
1.010,100.00,101.9626,-1.5945,12.0000
1.020,100.00,101.6094,-1.9626,8.4300
1.030,100.00,101.9772,-1.6094,12.0000
1.040,100.00,101.6148,-1.9772,8.3859
1.050,100.00,101.9825,-1.6148,12.0000
1.060,100.00,101.6146,-1.9825,8.3583
1.070,100.00,101.9823,-1.6146,12.0000
1.080,100.00,101.6108,-1.9823,8.3408
1.090,100.00,101.9786,-1.6108,12.0000
1.100,100.00,101.6049,-1.9786,8.3295
1.110,100.00,101.9728,-1.6049,12.0000
1.120,100.00,101.5977,-1.9728,8.3220
1.130,100.00,101.9658,-1.5977,12.0000
1.140,100.00,101.5898,-1.9658,8.3168
1.150,100.00,101.9580,-1.5898,12.0000
1.160,100.00,101.5815,-1.9580,8.3130
1.170,100.00,101.9498,-1.5815,12.0000
1.180,100.00,101.5728,-1.9498,8.3100
1.190,100.00,101.9414,-1.5728,12.0000
1.200,100.00,101.5641,-1.9414,8.3076
1.210,100.00,101.9328,-1.5641,12.0000
1.220,100.00,101.5553,-1.9328,8.3056
1.230,100.00,101.9241,-1.5553,12.0000
1.240,100.00,101.5464,-1.9241,8.3037
1.250,100.00,101.9155,-1.5464,12.0000
1.260,100.00,101.5376,-1.9155,8.3020
1.270,100.00,101.9068,-1.5376,12.0000
1.280,100.00,101.5287,-1.9068,8.3003
1.290,100.00,101.8982,-1.5287,12.0000
1.300,100.00,101.5199,-1.8982,8.2987
1.310,100.00,101.8895,-1.5199,12.0000
1.320,100.00,101.5112,-1.8895,8.2971
1.330,100.00,101.8810,-1.5112,12.0000
1.340,100.00,101.5025,-1.8810,8.2956
1.350,100.00,101.8724,-1.5025,12.0000
1.360,100.00,101.4938,-1.8724,8.2941
1.370,100.00,101.8639,-1.4938,12.0000
1.380,100.00,101.4851,-1.8639,8.2926
1.390,100.00,101.8554,-1.4851,12.0000
1.400,100.00,101.4765,-1.8554,8.2911
1.410,100.00,101.8470,-1.4765,12.0000
1.420,100.00,101.4680,-1.8470,8.2896
1.430,100.00,101.8386,-1.4680,12.0000
1.440,100.00,101.4595,-1.8386,8.2881
1.450,100.00,101.8303,-1.4595,12.0000
1.460,100.00,101.4510,-1.8303,8.2866
1.470,100.00,101.8220,-1.4510,12.0000
1.480,100.00,101.4426,-1.8220,8.2852
1.490,100.00,101.8137,-1.4426,12.0000
1.500,100.00,101.4342,-1.8137,8.2837
1.510,100.00,101.8055,-1.4342,12.0000
1.520,100.00,101.4259,-1.8055,8.2823
1.530,100.00,101.7973,-1.4259,12.0000
1.540,100.00,101.4176,-1.7973,8.2808
1.550,100.00,101.7892,-1.4176,12.0000
1.560,100.00,101.4093,-1.7892,8.2794
1.570,100.00,101.7811,-1.4093,12.0000
1.580,100.00,101.4011,-1.7811,8.2780
1.590,100.00,101.7731,-1.4011,12.0000
1.600,100.00,101.3929,-1.7731,8.2766
1.610,100.00,101.7651,-1.3929,12.0000
1.620,100.00,101.3848,-1.7651,8.2752
1.630,100.00,101.7571,-1.3848,12.0000
1.640,100.00,101.3767,-1.7571,8.2738
1.650,100.00,101.7492,-1.3767,12.0000
1.660,100.00,101.3687,-1.7492,8.2724
1.670,100.00,101.7413,-1.3687,12.0000
1.680,100.00,101.3607,-1.7413,8.2710
1.690,100.00,101.7334,-1.3607,12.0000
1.700,100.00,101.3527,-1.7334,8.2696
1.710,100.00,101.7256,-1.3527,12.0000
1.720,100.00,101.3448,-1.7256,8.2682
1.730,100.00,101.7179,-1.3448,12.0000
1.740,100.00,101.3369,-1.7179,8.2668
1.750,100.00,101.7101,-1.3369,12.0000
1.760,100.00,101.3290,-1.7101,8.2655
1.770,100.00,101.7025,-1.3290,12.0000
1.780,100.00,101.3212,-1.7025,8.2641
1.790,100.00,101.6948,-1.3212,12.0000
1.800,100.00,101.3135,-1.6948,8.2628
1.810,100.00,101.6872,-1.3135,12.0000
1.820,100.00,101.3057,-1.6872,8.2614
1.830,100.00,101.6796,-1.3057,12.0000
1.840,100.00,101.2981,-1.6796,8.2601
1.850,100.00,101.6721,-1.2981,12.0000
1.860,100.00,101.2904,-1.6721,8.2588
1.870,100.00,101.6646,-1.2904,12.0000
1.880,100.00,101.2828,-1.6646,8.2575
1.890,100.00,101.6572,-1.2828,12.0000
1.900,100.00,101.2752,-1.6572,8.2562
1.910,100.00,101.6497,-1.2752,12.0000
1.920,100.00,101.2677,-1.6497,8.2549
1.930,100.00,101.6424,-1.2677,12.0000
1.940,100.00,101.2602,-1.6424,8.2536
1.950,100.00,101.6350,-1.2602,12.0000
1.960,100.00,101.2528,-1.6350,8.2523
1.970,100.00,101.6277,-1.2528,12.0000
1.980,100.00,101.2454,-1.6277,8.2510
1.990,100.00,101.6204,-1.2454,12.0000
2.000,100.00,101.2380,-1.6204,8.2497
2.010,100.00,101.6132,-1.2380,12.0000
2.020,100.00,101.2306,-1.6132,8.2484
2.030,100.00,101.6060,-1.2306,12.0000
2.040,100.00,101.2233,-1.6060,8.2472
2.050,100.00,101.5989,-1.2233,12.0000
2.060,100.00,101.2161,-1.5989,8.2459
2.070,100.00,101.5918,-1.2161,12.0000
2.080,100.00,101.2088,-1.5918,8.2446
2.090,100.00,101.5847,-1.2088,12.0000
2.100,100.00,101.2017,-1.5847,8.2434
2.110,100.00,101.5776,-1.2017,12.0000
2.120,100.00,101.1945,-1.5776,8.2422
2.130,100.00,101.5706,-1.1945,12.0000
2.140,100.00,101.1874,-1.5706,8.2409
2.150,100.00,101.5636,-1.1874,12.0000
2.160,100.00,101.1803,-1.5636,8.2397
2.170,100.00,101.5567,-1.1803,12.0000
2.180,100.00,101.1733,-1.5567,8.2385
2.190,100.00,101.5498,-1.1733,12.0000
2.200,100.00,101.1662,-1.5498,8.2373
2.210,100.00,101.5429,-1.1662,12.0000
2.220,100.00,101.1593,-1.5429,8.2360
2.230,100.00,101.5361,-1.1593,12.0000
2.240,100.00,101.1523,-1.5361,8.2348
2.250,100.00,101.5293,-1.1523,12.0000
2.260,100.00,101.1454,-1.5293,8.2336
2.270,100.00,101.5225,-1.1454,12.0000
2.280,100.00,101.1386,-1.5225,8.2325
2.290,100.00,101.5158,-1.1386,12.0000
2.300,100.00,101.1317,-1.5158,8.2313
2.310,100.00,101.5091,-1.1317,12.0000
2.320,100.00,101.1249,-1.5091,8.2301
2.330,100.00,101.5024,-1.1249,12.0000
2.340,100.00,101.1182,-1.5024,8.2289
2.350,100.00,101.4958,-1.1182,12.0000
2.360,100.00,101.1114,-1.4958,8.2278
2.370,100.00,101.4892,-1.1114,12.0000
2.380,100.00,101.1047,-1.4892,8.2266
2.390,100.00,101.4827,-1.1047,12.0000
2.400,100.00,101.0981,-1.4827,8.2254
2.410,100.00,101.4761,-1.0981,12.0000
2.420,100.00,101.0915,-1.4761,8.2243
2.430,100.00,101.4696,-1.0915,12.0000
2.440,100.00,101.0849,-1.4696,8.2231
2.450,100.00,101.4632,-1.0849,12.0000
2.460,100.00,101.0783,-1.4632,8.2220
2.470,100.00,101.4567,-1.0783,12.0000
2.480,100.00,101.0718,-1.4567,8.2209
2.490,100.00,101.4503,-1.0718,12.0000
2.500,100.00,101.0653,-1.4503,8.2198
2.510,100.00,101.4440,-1.0653,12.0000
2.520,100.00,101.0588,-1.4440,8.2186
2.530,100.00,101.4377,-1.0588,12.0000
2.540,100.00,101.0524,-1.4377,8.2175
2.550,100.00,101.4314,-1.0524,12.0000
2.560,100.00,101.0460,-1.4314,8.2164
2.570,100.00,101.4251,-1.0460,12.0000
2.580,100.00,101.0397,-1.4251,8.2153
2.590,100.00,101.4189,-1.0397,12.0000
2.600,100.00,101.0333,-1.4189,8.2142
2.610,100.00,101.4127,-1.0333,12.0000
2.620,100.00,101.0270,-1.4127,8.2131
2.630,100.00,101.4065,-1.0270,12.0000
2.640,100.00,101.0208,-1.4065,8.2120
2.650,100.00,101.4003,-1.0208,12.0000
2.660,100.00,101.0145,-1.4003,8.2109
2.670,100.00,101.3942,-1.0145,12.0000
2.680,100.00,101.0083,-1.3942,8.2099
2.690,100.00,101.3882,-1.0083,12.0000
2.700,100.00,101.0022,-1.3882,8.2088
2.710,100.00,101.3821,-1.0022,12.0000
2.720,100.00,100.9960,-1.3821,8.2077
2.730,100.00,101.3761,-0.9960,12.0000
2.740,100.00,100.9899,-1.3761,8.2067
2.750,100.00,101.3701,-0.9899,12.0000
2.760,100.00,100.9838,-1.3701,8.2056
2.770,100.00,101.3642,-0.9838,12.0000
2.780,100.00,100.9778,-1.3642,8.2046
2.790,100.00,101.3582,-0.9778,12.0000
2.800,100.00,100.9718,-1.3582,8.2035
2.810,100.00,101.3523,-0.9718,12.0000
2.820,100.00,100.9658,-1.3523,8.2025
2.830,100.00,101.3465,-0.9658,12.0000
2.840,100.00,100.9599,-1.3465,8.2015
2.850,100.00,101.3407,-0.9599,12.0000
2.860,100.00,100.9539,-1.3407,8.2004
2.870,100.00,101.3349,-0.9539,12.0000
2.880,100.00,100.9480,-1.3349,8.1994
2.890,100.00,101.3291,-0.9480,12.0000
2.900,100.00,100.9422,-1.3291,8.1984
2.910,100.00,101.3233,-0.9422,12.0000
2.920,100.00,100.9363,-1.3233,8.1974
2.930,100.00,101.3176,-0.9363,12.0000
2.940,100.00,100.9305,-1.3176,8.1964
2.950,100.00,101.3119,-0.9305,12.0000
2.960,100.00,100.9248,-1.3119,8.1954
2.970,100.00,101.3063,-0.9248,12.0000
2.980,100.00,100.9190,-1.3063,8.1944
2.990,100.00,101.3006,-0.9190,12.0000
3.000,100.00,100.9133,-1.3006,8.1934
3.010,100.00,101.2950,-0.9133,12.0000
3.020,100.00,100.9076,-1.2950,8.1924
3.030,100.00,101.2895,-0.9076,12.0000
3.040,100.00,100.9020,-1.2895,8.1914
3.050,100.00,101.2839,-0.9020,12.0000
3.060,100.00,100.8963,-1.2839,8.1905
3.070,100.00,101.2784,-0.8963,12.0000
3.080,100.00,100.8907,-1.2784,8.1895
3.090,100.00,101.2729,-0.8907,12.0000
3.100,100.00,100.8852,-1.2729,8.1885
3.110,100.00,101.2675,-0.8852,12.0000
3.120,100.00,100.8796,-1.2675,8.1876
3.130,100.00,101.2620,-0.8796,12.0000
3.140,100.00,100.8741,-1.2620,8.1866
3.150,100.00,101.2566,-0.8741,12.0000
3.160,100.00,100.8686,-1.2566,8.1857
3.170,100.00,101.2513,-0.8686,12.0000
3.180,100.00,100.8632,-1.2513,8.1847
3.190,100.00,101.2459,-0.8632,12.0000
3.200,100.00,100.8578,-1.2459,8.1838
3.210,100.00,101.2406,-0.8578,12.0000
3.220,100.00,100.8524,-1.2406,8.1828
3.230,100.00,101.2353,-0.8524,12.0000
3.240,100.00,100.8470,-1.2353,8.1819
3.250,100.00,101.2300,-0.8470,12.0000
3.260,100.00,100.8416,-1.2300,8.1810
3.270,100.00,101.2248,-0.8416,12.0000
3.280,100.00,100.8363,-1.2248,8.1800
3.290,100.00,101.2196,-0.8363,12.0000
3.300,100.00,100.8310,-1.2196,8.1791
3.310,100.00,101.2144,-0.8310,12.0000
3.320,100.00,100.8258,-1.2144,8.1782
3.330,100.00,101.2092,-0.8258,12.0000
3.340,100.00,100.8205,-1.2092,8.1773
3.350,100.00,101.2041,-0.8205,12.0000
3.360,100.00,100.8153,-1.2041,8.1764
3.370,100.00,101.1990,-0.8153,12.0000
3.380,100.00,100.8101,-1.1990,8.1755
3.390,100.00,101.1939,-0.8101,12.0000
3.400,100.00,100.8050,-1.1939,8.1746
3.410,100.00,101.1889,-0.8050,12.0000
3.420,100.00,100.7998,-1.1889,8.1737
3.430,100.00,101.1838,-0.7998,12.0000
3.440,100.00,100.7947,-1.1838,8.1728
3.450,100.00,101.1788,-0.7947,12.0000
3.460,100.00,100.7896,-1.1788,8.1720
3.470,100.00,101.1739,-0.7896,12.0000
3.480,100.00,100.7846,-1.1739,8.1711
3.490,100.00,101.1689,-0.7846,12.0000
3.500,100.00,100.7796,-1.1689,8.1702
3.510,100.00,101.1640,-0.7796,12.0000
3.520,100.00,100.7746,-1.1640,8.1693
3.530,100.00,101.1591,-0.7746,12.0000
3.540,100.00,100.7696,-1.1591,8.1685
3.550,100.00,101.1542,-0.7696,12.0000
3.560,100.00,100.7646,-1.1542,8.1676
3.570,100.00,101.1493,-0.7646,12.0000
3.580,100.00,100.7597,-1.1493,8.1668
3.590,100.00,101.1445,-0.7597,12.0000
3.600,100.00,100.7548,-1.1445,8.1659
3.610,100.00,101.1397,-0.7548,12.0000
3.620,100.00,100.7499,-1.1397,8.1651
3.630,100.00,101.1349,-0.7499,12.0000
3.640,100.00,100.7451,-1.1349,8.1642
3.650,100.00,101.1302,-0.7451,12.0000
3.660,100.00,100.7402,-1.1302,8.1634
3.670,100.00,101.1254,-0.7402,12.0000
3.680,100.00,100.7354,-1.1254,8.1626
3.690,100.00,101.1207,-0.7354,12.0000
3.700,100.00,100.7307,-1.1207,8.1617
3.710,100.00,101.1161,-0.7307,12.0000
3.720,100.00,100.7259,-1.1161,8.1609
3.730,100.00,101.1114,-0.7259,12.0000
3.740,100.00,100.7212,-1.1114,8.1601
3.750,100.00,101.1068,-0.7212,12.0000
3.760,100.00,100.7165,-1.1068,8.1593
3.770,100.00,101.1021,-0.7165,12.0000
3.780,100.00,100.7118,-1.1021,8.1585
3.790,100.00,101.0976,-0.7118,12.0000
3.800,100.00,100.7071,-1.0976,8.1576
3.810,100.00,101.0930,-0.7071,12.0000
3.820,100.00,100.7025,-1.0930,8.1568
3.830,100.00,101.0885,-0.7025,12.0000
3.840,100.00,100.6979,-1.0885,8.1560
3.850,100.00,101.0839,-0.6979,12.0000
3.860,100.00,100.6933,-1.0839,8.1552
3.870,100.00,101.0794,-0.6933,12.0000
3.880,100.00,100.6887,-1.0794,8.1545
3.890,100.00,101.0750,-0.6887,12.0000
3.900,100.00,100.6842,-1.0750,8.1537
3.910,100.00,101.0705,-0.6842,12.0000
3.920,100.00,100.6797,-1.0705,8.1529
3.930,100.00,101.0661,-0.6797,12.0000
3.940,100.00,100.6752,-1.0661,8.1521
3.950,100.00,101.0617,-0.6752,12.0000
3.960,100.00,100.6707,-1.0617,8.1513
3.970,100.00,101.0573,-0.6707,12.0000
3.980,100.00,100.6663,-1.0573,8.1506
3.990,100.00,101.0529,-0.6663,12.0000
4.000,100.00,100.6618,-1.0529,8.1498
4.010,100.00,101.0486,-0.6618,12.0000
4.020,100.00,100.6574,-1.0486,8.1490
4.030,100.00,101.0443,-0.6574,12.0000
4.040,100.00,100.6531,-1.0443,8.1483
4.050,100.00,101.0400,-0.6531,12.0000
4.060,100.00,100.6487,-1.0400,8.1475
4.070,100.00,101.0357,-0.6487,12.0000
4.080,100.00,100.6444,-1.0357,8.1468
4.090,100.00,101.0315,-0.6444,12.0000
4.100,100.00,100.6401,-1.0315,8.1460
4.110,100.00,101.0273,-0.6401,12.0000
4.120,100.00,100.6358,-1.0273,8.1453
4.130,100.00,101.0230,-0.6358,12.0000
4.140,100.00,100.6315,-1.0230,8.1445
4.150,100.00,101.0189,-0.6315,12.0000
4.160,100.00,100.6272,-1.0189,8.1438
4.170,100.00,101.0147,-0.6272,12.0000
4.180,100.00,100.6230,-1.0147,8.1431
4.190,100.00,101.0106,-0.6230,12.0000
4.200,100.00,100.6188,-1.0106,8.1423
4.210,100.00,101.0064,-0.6188,12.0000
4.220,100.00,100.6146,-1.0064,8.1416
4.230,100.00,101.0023,-0.6146,12.0000
4.240,100.00,100.6105,-1.0023,8.1409
4.250,100.00,100.9983,-0.6105,12.0000
4.260,100.00,100.6063,-0.9983,8.1402
4.270,100.00,100.9942,-0.6063,12.0000
4.280,100.00,100.6022,-0.9942,8.1395
4.290,100.00,100.9902,-0.6022,12.0000
4.300,100.00,100.5981,-0.9902,8.1387
4.310,100.00,100.9861,-0.5981,12.0000
4.320,100.00,100.5940,-0.9861,8.1380
4.330,100.00,100.9822,-0.5940,12.0000
4.340,100.00,100.5900,-0.9822,8.1373
4.350,100.00,100.9782,-0.5900,12.0000
4.360,100.00,100.5859,-0.9782,8.1366
4.370,100.00,100.9742,-0.5859,12.0000
4.380,100.00,100.5819,-0.9742,8.1359
4.390,100.00,100.9703,-0.5819,12.0000
4.400,100.00,100.5779,-0.9703,8.1352
4.410,100.00,100.9664,-0.5779,12.0000
4.420,100.00,100.5740,-0.9664,8.1346
4.430,100.00,100.9625,-0.5740,12.0000
4.440,100.00,100.5700,-0.9625,8.1339
4.450,100.00,100.9586,-0.5700,12.0000
4.460,100.00,100.5661,-0.9586,8.1332
4.470,100.00,100.9547,-0.5661,12.0000
4.480,100.00,100.5621,-0.9547,8.1325
4.490,100.00,100.9509,-0.5621,12.0000
4.500,100.00,100.5583,-0.9509,8.1318
4.510,100.00,100.9471,-0.5583,12.0000
4.520,100.00,100.5544,-0.9471,8.1312
4.530,100.00,100.9433,-0.5544,12.0000
4.540,100.00,100.5505,-0.9433,8.1305
4.550,100.00,100.9395,-0.5505,12.0000
4.560,100.00,100.5467,-0.9395,8.1298
4.570,100.00,100.9358,-0.5467,12.0000
4.580,100.00,100.5429,-0.9358,8.1292
4.590,100.00,100.9320,-0.5429,12.0000
4.600,100.00,100.5391,-0.9320,8.1285
4.610,100.00,100.9283,-0.5391,12.0000
4.620,100.00,100.5353,-0.9283,8.1279
4.630,100.00,100.9246,-0.5353,12.0000
4.640,100.00,100.5315,-0.9246,8.1272
4.650,100.00,100.9209,-0.5315,12.0000
4.660,100.00,100.5278,-0.9209,8.1266
4.670,100.00,100.9172,-0.5278,12.0000
4.680,100.00,100.5241,-0.9172,8.1259
4.690,100.00,100.9136,-0.5241,12.0000
4.700,100.00,100.5204,-0.9136,8.1253
4.710,100.00,100.9100,-0.5204,12.0000
4.720,100.00,100.5167,-0.9100,8.1246
4.730,100.00,100.9064,-0.5167,12.0000
4.740,100.00,100.5130,-0.9064,8.1240
4.750,100.00,100.9028,-0.5130,12.0000
4.760,100.00,100.5094,-0.9028,8.1234
4.770,100.00,100.8992,-0.5094,12.0000
4.780,100.00,100.5058,-0.8992,8.1227
4.790,100.00,100.8956,-0.5058,12.0000
4.800,100.00,100.5022,-0.8956,8.1221
4.810,100.00,100.8921,-0.5022,12.0000
4.820,100.00,100.4986,-0.8921,8.1215
4.830,100.00,100.8886,-0.4986,12.0000
4.840,100.00,100.4950,-0.8886,8.1209
4.850,100.00,100.8851,-0.4950,12.0000
4.860,100.00,100.4914,-0.8851,8.1202
4.870,100.00,100.8816,-0.4914,12.0000
4.880,100.00,100.4879,-0.8816,8.1196
4.890,100.00,100.8782,-0.4879,12.0000
4.900,100.00,100.4844,-0.8782,8.1190
4.910,100.00,100.8747,-0.4844,12.0000
4.920,100.00,100.4809,-0.8747,8.1184
4.930,100.00,100.8713,-0.4809,12.0000
4.940,100.00,100.4774,-0.8713,8.1178
4.950,100.00,100.8679,-0.4774,12.0000
4.960,100.00,100.4740,-0.8679,8.1172
4.970,100.00,100.8645,-0.4740,12.0000
4.980,100.00,100.4705,-0.8645,8.1166
4.990,100.00,100.8611,-0.4705,12.0000
5.000,100.00,71.8439,29.1389,12.0000
5.010,100.00,72.8070,28.1561,12.0000
5.020,100.00,73.7509,27.1930,12.0000
5.030,100.00,74.6758,26.2491,12.0000
5.040,100.00,75.5823,25.3242,12.0000
5.050,100.00,76.4707,24.4177,12.0000
5.060,100.00,77.3413,23.5293,12.0000
5.070,100.00,78.1944,22.6587,12.0000
5.080,100.00,79.0305,21.8056,12.0000
5.090,100.00,79.8499,20.9695,12.0000
5.100,100.00,80.6529,20.1501,12.0000
5.110,100.00,81.4399,19.3471,12.0000
5.120,100.00,82.2111,18.5601,12.0000
5.130,100.00,82.9669,17.7889,12.0000
5.140,100.00,83.7075,17.0331,12.0000
5.150,100.00,84.4334,16.2925,12.0000
5.160,100.00,85.1447,15.5666,12.0000
5.170,100.00,85.8418,14.8553,12.0000
5.180,100.00,86.5250,14.1582,12.0000
5.190,100.00,87.1945,13.4750,12.0000
5.200,100.00,87.8506,12.8055,12.0000
5.210,100.00,88.4936,12.1494,12.0000
5.220,100.00,89.1237,11.5064,12.0000
5.230,100.00,89.7412,10.8763,12.0000
5.240,100.00,90.3464,10.2588,12.0000
5.250,100.00,90.9395,9.6536,12.0000
5.260,100.00,91.5207,9.0605,12.0000
5.270,100.00,92.0903,8.4793,12.0000
5.280,100.00,92.6485,7.9097,12.0000
5.290,100.00,93.1955,7.3515,12.0000
5.300,100.00,93.7316,6.8045,12.0000
5.310,100.00,94.2570,6.2684,12.0000
5.320,100.00,94.7718,5.7430,12.0000
5.330,100.00,95.2764,5.2282,12.0000
5.340,100.00,95.7709,4.7236,12.0000
5.350,100.00,96.2554,4.2291,12.0000
5.360,100.00,96.7303,3.7446,12.0000
5.370,100.00,97.1957,3.2697,12.0000
5.380,100.00,97.6518,2.8043,12.0000
5.390,100.00,98.0988,2.3482,12.0000
5.400,100.00,98.5368,1.9012,12.0000
5.410,100.00,98.9661,1.4632,12.0000
5.420,100.00,99.3867,1.0339,12.0000
5.430,100.00,99.7990,0.6133,12.0000
5.440,100.00,100.2030,0.2010,12.0000
5.450,100.00,100.5990,-0.2030,12.0000
5.460,100.00,100.8715,-0.5990,11.4226
5.470,100.00,101.2541,-0.8715,12.0000
5.480,100.00,101.2761,-1.2541,10.2354
5.490,100.00,101.6505,-1.2761,12.0000
5.500,100.00,101.5193,-1.6505,9.5087
5.510,100.00,101.8889,-1.5193,12.0000
5.520,100.00,101.6639,-1.8889,9.0636
5.530,100.00,102.0306,-1.6639,12.0000
5.540,100.00,101.7481,-2.0306,8.7907
5.550,100.00,102.1131,-1.7481,12.0000
5.560,100.00,101.7955,-2.1131,8.6231
5.570,100.00,102.1596,-1.7955,12.0000
5.580,100.00,101.8204,-2.1596,8.5199
5.590,100.00,102.1840,-1.8204,12.0000
5.600,100.00,101.8315,-2.1840,8.4561
5.610,100.00,102.1949,-1.8315,12.0000
5.620,100.00,101.8343,-2.1949,8.4164
5.630,100.00,102.1976,-1.8343,12.0000
5.640,100.00,101.8319,-2.1976,8.3914
5.650,100.00,102.1953,-1.8319,12.0000
5.660,100.00,101.8265,-2.1953,8.3754
5.670,100.00,102.1899,-1.8265,12.0000
5.680,100.00,101.8191,-2.1899,8.3649
5.690,100.00,102.1827,-1.8191,12.0000
5.700,100.00,101.8106,-2.1827,8.3578
5.710,100.00,102.1744,-1.8106,12.0000
5.720,100.00,101.8015,-2.1744,8.3528
5.730,100.00,102.1655,-1.8015,12.0000
5.740,100.00,101.7920,-2.1655,8.3491
5.750,100.00,102.1561,-1.7920,12.0000
5.760,100.00,101.7822,-2.1561,8.3461
5.770,100.00,102.1466,-1.7822,12.0000
5.780,100.00,101.7724,-2.1466,8.3436
5.790,100.00,102.1369,-1.7724,12.0000
5.800,100.00,101.7625,-2.1369,8.3414
5.810,100.00,102.1272,-1.7625,12.0000
5.820,100.00,101.7526,-2.1272,8.3394
5.830,100.00,102.1175,-1.7526,12.0000
5.840,100.00,101.7427,-2.1175,8.3375
5.850,100.00,102.1078,-1.7427,12.0000
5.860,100.00,101.7328,-2.1078,8.3357
5.870,100.00,102.0981,-1.7328,12.0000
5.880,100.00,101.7229,-2.0981,8.3339
5.890,100.00,102.0885,-1.7229,12.0000
5.900,100.00,101.7131,-2.0885,8.3322
5.910,100.00,102.0789,-1.7131,12.0000
5.920,100.00,101.7034,-2.0789,8.3304
5.930,100.00,102.0693,-1.7034,12.0000
5.940,100.00,101.6937,-2.0693,8.3287
5.950,100.00,102.0598,-1.6937,12.0000
5.960,100.00,101.6840,-2.0598,8.3271
5.970,100.00,102.0503,-1.6840,12.0000
5.980,100.00,101.6744,-2.0503,8.3254
5.990,100.00,102.0409,-1.6744,12.0000
6.000,100.00,101.6649,-2.0409,8.3237
6.010,100.00,102.0316,-1.6649,12.0000
6.020,100.00,101.6553,-2.0316,8.3221
6.030,100.00,102.0222,-1.6553,12.0000
6.040,100.00,101.6459,-2.0222,8.3204
6.050,100.00,102.0130,-1.6459,12.0000
6.060,100.00,101.6365,-2.0130,8.3188
6.070,100.00,102.0037,-1.6365,12.0000
6.080,100.00,101.6271,-2.0037,8.3172
6.090,100.00,101.9945,-1.6271,12.0000
6.100,100.00,101.6178,-1.9945,8.3156
6.110,100.00,101.9854,-1.6178,12.0000
6.120,100.00,101.6085,-1.9854,8.3139
6.130,100.00,101.9763,-1.6085,12.0000
6.140,100.00,101.5993,-1.9763,8.3123
6.150,100.00,101.9673,-1.5993,12.0000
6.160,100.00,101.5901,-1.9673,8.3108
6.170,100.00,101.9583,-1.5901,12.0000
6.180,100.00,101.5809,-1.9583,8.3092
6.190,100.00,101.9493,-1.5809,12.0000
6.200,100.00,101.5719,-1.9493,8.3076
6.210,100.00,101.9404,-1.5719,12.0000
6.220,100.00,101.5628,-1.9404,8.3060
6.230,100.00,101.9316,-1.5628,12.0000
6.240,100.00,101.5538,-1.9316,8.3045
6.250,100.00,101.9227,-1.5538,12.0000
6.260,100.00,101.5449,-1.9227,8.3029
6.270,100.00,101.9140,-1.5449,12.0000
6.280,100.00,101.5360,-1.9140,8.3014
6.290,100.00,101.9053,-1.5360,12.0000
6.300,100.00,101.5271,-1.9053,8.2998
6.310,100.00,101.8966,-1.5271,12.0000
6.320,100.00,101.5183,-1.8966,8.2983
6.330,100.00,101.8879,-1.5183,12.0000
6.340,100.00,101.5095,-1.8879,8.2968
6.350,100.00,101.8793,-1.5095,12.0000
6.360,100.00,101.5008,-1.8793,8.2953
6.370,100.00,101.8708,-1.5008,12.0000
6.380,100.00,101.4921,-1.8708,8.2938
6.390,100.00,101.8623,-1.4921,12.0000
6.400,100.00,101.4835,-1.8623,8.2923
6.410,100.00,101.8538,-1.4835,12.0000
6.420,100.00,101.4749,-1.8538,8.2908
6.430,100.00,101.8454,-1.4749,12.0000
6.440,100.00,101.4664,-1.8454,8.2893
6.450,100.00,101.8370,-1.4664,12.0000
6.460,100.00,101.4579,-1.8370,8.2878
6.470,100.00,101.8287,-1.4579,12.0000
6.480,100.00,101.4494,-1.8287,8.2864
6.490,100.00,101.8204,-1.4494,12.0000
6.500,100.00,101.4410,-1.8204,8.2849
6.510,100.00,101.8122,-1.4410,12.0000
6.520,100.00,101.4326,-1.8122,8.2834
6.530,100.00,101.8040,-1.4326,12.0000
6.540,100.00,101.4243,-1.8040,8.2820
6.550,100.00,101.7958,-1.4243,12.0000
6.560,100.00,101.4160,-1.7958,8.2806
6.570,100.00,101.7877,-1.4160,12.0000
6.580,100.00,101.4077,-1.7877,8.2791
6.590,100.00,101.7796,-1.4077,12.0000
6.600,100.00,101.3995,-1.7796,8.2777
6.610,100.00,101.7715,-1.3995,12.0000
6.620,100.00,101.3914,-1.7715,8.2763
6.630,100.00,101.7635,-1.3914,12.0000
6.640,100.00,101.3832,-1.7635,8.2749
6.650,100.00,101.7556,-1.3832,12.0000
6.660,100.00,101.3752,-1.7556,8.2735
6.670,100.00,101.7477,-1.3752,12.0000
6.680,100.00,101.3671,-1.7477,8.2721
6.690,100.00,101.7398,-1.3671,12.0000
6.700,100.00,101.3591,-1.7398,8.2707
6.710,100.00,101.7320,-1.3591,12.0000
6.720,100.00,101.3512,-1.7320,8.2693
6.730,100.00,101.7242,-1.3512,12.0000
6.740,100.00,101.3433,-1.7242,8.2680
6.750,100.00,101.7164,-1.3433,12.0000
6.760,100.00,101.3354,-1.7164,8.2666
6.770,100.00,101.7087,-1.3354,12.0000
6.780,100.00,101.3275,-1.7087,8.2652
6.790,100.00,101.7010,-1.3275,12.0000
6.800,100.00,101.3198,-1.7010,8.2639
6.810,100.00,101.6934,-1.3198,12.0000
6.820,100.00,101.3120,-1.6934,8.2625
6.830,100.00,101.6858,-1.3120,12.0000
6.840,100.00,101.3043,-1.6858,8.2612
6.850,100.00,101.6782,-1.3043,12.0000
6.860,100.00,101.2966,-1.6782,8.2599
6.870,100.00,101.6707,-1.2966,12.0000
6.880,100.00,101.2890,-1.6707,8.2585
6.890,100.00,101.6632,-1.2890,12.0000
6.900,100.00,101.2814,-1.6632,8.2572
6.910,100.00,101.6557,-1.2814,12.0000
6.920,100.00,101.2738,-1.6557,8.2559
6.930,100.00,101.6483,-1.2738,12.0000
6.940,100.00,101.2663,-1.6483,8.2546
6.950,100.00,101.6410,-1.2663,12.0000
6.960,100.00,101.2588,-1.6410,8.2533
6.970,100.00,101.6336,-1.2588,12.0000
6.980,100.00,101.2514,-1.6336,8.2520
6.990,100.00,101.6263,-1.2514,12.0000
7.000,100.00,101.2439,-1.6263,8.2507
7.010,100.00,101.6191,-1.2439,12.0000
7.020,100.00,101.2366,-1.6191,8.2495
7.030,100.00,101.6118,-1.2366,12.0000
7.040,100.00,101.2292,-1.6118,8.2482
7.050,100.00,101.6047,-1.2292,12.0000
7.060,100.00,101.2220,-1.6047,8.2469
7.070,100.00,101.5975,-1.2220,12.0000
7.080,100.00,101.2147,-1.5975,8.2457
7.090,100.00,101.5904,-1.2147,12.0000
7.100,100.00,101.2075,-1.5904,8.2444
7.110,100.00,101.5833,-1.2075,12.0000
7.120,100.00,101.2003,-1.5833,8.2432
7.130,100.00,101.5763,-1.2003,12.0000
7.140,100.00,101.1931,-1.5763,8.2419
7.150,100.00,101.5693,-1.1931,12.0000
7.160,100.00,101.1860,-1.5693,8.2407
7.170,100.00,101.5623,-1.1860,12.0000
7.180,100.00,101.1790,-1.5623,8.2395
7.190,100.00,101.5554,-1.1790,12.0000
7.200,100.00,101.1719,-1.5554,8.2382
7.210,100.00,101.5485,-1.1719,12.0000
7.220,100.00,101.1649,-1.5485,8.2370
7.230,100.00,101.5416,-1.1649,12.0000
7.240,100.00,101.1579,-1.5416,8.2358
7.250,100.00,101.5348,-1.1579,12.0000
7.260,100.00,101.1510,-1.5348,8.2346
7.270,100.00,101.5280,-1.1510,12.0000
7.280,100.00,101.1441,-1.5280,8.2334
7.290,100.00,101.5212,-1.1441,12.0000
7.300,100.00,101.1373,-1.5212,8.2322
7.310,100.00,101.5145,-1.1373,12.0000
7.320,100.00,101.1304,-1.5145,8.2310
7.330,100.00,101.5078,-1.1304,12.0000
7.340,100.00,101.1236,-1.5078,8.2299
7.350,100.00,101.5012,-1.1236,12.0000
7.360,100.00,101.1169,-1.5012,8.2287
7.370,100.00,101.4945,-1.1169,12.0000
7.380,100.00,101.1102,-1.4945,8.2275
7.390,100.00,101.4880,-1.1102,12.0000
7.400,100.00,101.1035,-1.4880,8.2264
7.410,100.00,101.4814,-1.1035,12.0000
7.420,100.00,101.0968,-1.4814,8.2252
7.430,100.00,101.4749,-1.0968,12.0000
7.440,100.00,101.0902,-1.4749,8.2241
7.450,100.00,101.4684,-1.0902,12.0000
7.460,100.00,101.0836,-1.4684,8.2229
7.470,100.00,101.4619,-1.0836,12.0000
7.480,100.00,101.0771,-1.4619,8.2218
7.490,100.00,101.4555,-1.0771,12.0000
7.500,100.00,101.0705,-1.4555,8.2207
7.510,100.00,101.4491,-1.0705,12.0000
7.520,100.00,101.0641,-1.4491,8.2195
7.530,100.00,101.4428,-1.0641,12.0000
7.540,100.00,101.0576,-1.4428,8.2184
7.550,100.00,101.4365,-1.0576,12.0000
7.560,100.00,101.0512,-1.4365,8.2173
7.570,100.00,101.4302,-1.0512,12.0000
7.580,100.00,101.0448,-1.4302,8.2162
7.590,100.00,101.4239,-1.0448,12.0000
7.600,100.00,101.0384,-1.4239,8.2151
7.610,100.00,101.4177,-1.0384,12.0000
7.620,100.00,101.0321,-1.4177,8.2140
7.630,100.00,101.4115,-1.0321,12.0000
7.640,100.00,101.0258,-1.4115,8.2129
7.650,100.00,101.4053,-1.0258,12.0000
7.660,100.00,101.0196,-1.4053,8.2118
7.670,100.00,101.3992,-1.0196,12.0000
7.680,100.00,101.0133,-1.3992,8.2107
7.690,100.00,101.3931,-1.0133,12.0000
7.700,100.00,101.0072,-1.3931,8.2097
7.710,100.00,101.3870,-1.0072,12.0000
7.720,100.00,101.0010,-1.3870,8.2086
7.730,100.00,101.3810,-1.0010,12.0000
7.740,100.00,100.9949,-1.3810,8.2075
7.750,100.00,101.3750,-0.9949,12.0000
7.760,100.00,100.9888,-1.3750,8.2065
7.770,100.00,101.3690,-0.9888,12.0000
7.780,100.00,100.9827,-1.3690,8.2054
7.790,100.00,101.3630,-0.9827,12.0000
7.800,100.00,100.9767,-1.3630,8.2044
7.810,100.00,101.3571,-0.9767,12.0000
7.820,100.00,100.9706,-1.3571,8.2033
7.830,100.00,101.3512,-0.9706,12.0000
7.840,100.00,100.9647,-1.3512,8.2023
7.850,100.00,101.3454,-0.9647,12.0000
7.860,100.00,100.9587,-1.3454,8.2013
7.870,100.00,101.3395,-0.9587,12.0000
7.880,100.00,100.9528,-1.3395,8.2002
7.890,100.00,101.3337,-0.9528,12.0000
7.900,100.00,100.9469,-1.3337,8.1992
7.910,100.00,101.3280,-0.9469,12.0000
7.920,100.00,100.9411,-1.3280,8.1982
7.930,100.00,101.3222,-0.9411,12.0000
7.940,100.00,100.9352,-1.3222,8.1972
7.950,100.00,101.3165,-0.9352,12.0000
7.960,100.00,100.9294,-1.3165,8.1962
7.970,100.00,101.3109,-0.9294,12.0000
7.980,100.00,100.9237,-1.3109,8.1952
7.990,100.00,101.3052,-0.9237,12.0000
8.000,100.00,100.9179,-1.3052,8.1942
8.010,100.00,101.2996,-0.9179,12.0000
8.020,100.00,100.9122,-1.2996,8.1932
8.030,100.00,101.2940,-0.9122,12.0000
8.040,100.00,100.9065,-1.2940,8.1922
8.050,100.00,101.2884,-0.9065,12.0000
8.060,100.00,100.9009,-1.2884,8.1912
8.070,100.00,101.2829,-0.9009,12.0000
8.080,100.00,100.8953,-1.2829,8.1903
8.090,100.00,101.2774,-0.8953,12.0000
8.100,100.00,100.8897,-1.2774,8.1893
8.110,100.00,101.2719,-0.8897,12.0000
8.120,100.00,100.8841,-1.2719,8.1883
8.130,100.00,101.2664,-0.8841,12.0000
8.140,100.00,100.8786,-1.2664,8.1874
8.150,100.00,101.2610,-0.8786,12.0000
8.160,100.00,100.8731,-1.2610,8.1864
8.170,100.00,101.2556,-0.8731,12.0000
8.180,100.00,100.8676,-1.2556,8.1855
8.190,100.00,101.2502,-0.8676,12.0000
8.200,100.00,100.8621,-1.2502,8.1845
8.210,100.00,101.2449,-0.8621,12.0000
8.220,100.00,100.8567,-1.2449,8.1836
8.230,100.00,101.2396,-0.8567,12.0000
8.240,100.00,100.8513,-1.2396,8.1827
8.250,100.00,101.2343,-0.8513,12.0000
8.260,100.00,100.8460,-1.2343,8.1817
8.270,100.00,101.2290,-0.8460,12.0000
8.280,100.00,100.8406,-1.2290,8.1808
8.290,100.00,101.2238,-0.8406,12.0000
8.300,100.00,100.8353,-1.2238,8.1799
8.310,100.00,101.2186,-0.8353,12.0000
8.320,100.00,100.8300,-1.2186,8.1790
8.330,100.00,101.2134,-0.8300,12.0000
8.340,100.00,100.8248,-1.2134,8.1780
8.350,100.00,101.2083,-0.8248,12.0000
8.360,100.00,100.8195,-1.2083,8.1771
8.370,100.00,101.2031,-0.8195,12.0000
8.380,100.00,100.8143,-1.2031,8.1762
8.390,100.00,101.1980,-0.8143,12.0000
8.400,100.00,100.8091,-1.1980,8.1753
8.410,100.00,101.1930,-0.8091,12.0000
8.420,100.00,100.8040,-1.1930,8.1744
8.430,100.00,101.1879,-0.8040,12.0000
8.440,100.00,100.7989,-1.1879,8.1736
8.450,100.00,101.1829,-0.7989,12.0000
8.460,100.00,100.7938,-1.1829,8.1727
8.470,100.00,101.1779,-0.7938,12.0000
8.480,100.00,100.7887,-1.1779,8.1718
8.490,100.00,101.1729,-0.7887,12.0000
8.500,100.00,100.7836,-1.1729,8.1709
8.510,100.00,101.1680,-0.7836,12.0000
8.520,100.00,100.7786,-1.1680,8.1700
8.530,100.00,101.1630,-0.7786,12.0000
8.540,100.00,100.7736,-1.1630,8.1692
8.550,100.00,101.1581,-0.7736,12.0000
8.560,100.00,100.7686,-1.1581,8.1683
8.570,100.00,101.1533,-0.7686,12.0000
8.580,100.00,100.7637,-1.1533,8.1675
8.590,100.00,101.1484,-0.7637,12.0000
8.600,100.00,100.7588,-1.1484,8.1666
8.610,100.00,101.1436,-0.7588,12.0000
8.620,100.00,100.7539,-1.1436,8.1658
8.630,100.00,101.1388,-0.7539,12.0000
8.640,100.00,100.7490,-1.1388,8.1649
8.650,100.00,101.1340,-0.7490,12.0000
8.660,100.00,100.7441,-1.1340,8.1641
8.670,100.00,101.1293,-0.7441,12.0000
8.680,100.00,100.7393,-1.1293,8.1632
8.690,100.00,101.1245,-0.7393,12.0000
8.700,100.00,100.7345,-1.1245,8.1624
8.710,100.00,101.1198,-0.7345,12.0000
8.720,100.00,100.7298,-1.1198,8.1616
8.730,100.00,101.1152,-0.7298,12.0000
8.740,100.00,100.7250,-1.1152,8.1607
8.750,100.00,101.1105,-0.7250,12.0000
8.760,100.00,100.7203,-1.1105,8.1599
8.770,100.00,101.1059,-0.7203,12.0000
8.780,100.00,100.7156,-1.1059,8.1591
8.790,100.00,101.1013,-0.7156,12.0000
8.800,100.00,100.7109,-1.1013,8.1583
8.810,100.00,101.0967,-0.7109,12.0000
8.820,100.00,100.7063,-1.0967,8.1575
8.830,100.00,101.0921,-0.7063,12.0000
8.840,100.00,100.7016,-1.0921,8.1567
8.850,100.00,101.0876,-0.7016,12.0000
8.860,100.00,100.6970,-1.0876,8.1559
8.870,100.00,101.0831,-0.6970,12.0000
8.880,100.00,100.6924,-1.0831,8.1551
8.890,100.00,101.0786,-0.6924,12.0000
8.900,100.00,100.6879,-1.0786,8.1543
8.910,100.00,101.0741,-0.6879,12.0000
8.920,100.00,100.6833,-1.0741,8.1535
8.930,100.00,101.0697,-0.6833,12.0000
8.940,100.00,100.6788,-1.0697,8.1527
8.950,100.00,101.0653,-0.6788,12.0000
8.960,100.00,100.6743,-1.0653,8.1520
8.970,100.00,101.0609,-0.6743,12.0000
8.980,100.00,100.6699,-1.0609,8.1512
8.990,100.00,101.0565,-0.6699,12.0000
9.000,100.00,100.6654,-1.0565,8.1504
9.010,100.00,101.0521,-0.6654,12.0000
9.020,100.00,100.6610,-1.0521,8.1496
9.030,100.00,101.0478,-0.6610,12.0000
9.040,100.00,100.6566,-1.0478,8.1489
9.050,100.00,101.0435,-0.6566,12.0000
9.060,100.00,100.6522,-1.0435,8.1481
9.070,100.00,101.0392,-0.6522,12.0000
9.080,100.00,100.6479,-1.0392,8.1474
9.090,100.00,101.0349,-0.6479,12.0000
9.100,100.00,100.6435,-1.0349,8.1466
9.110,100.00,101.0307,-0.6435,12.0000
9.120,100.00,100.6392,-1.0307,8.1459
9.130,100.00,101.0265,-0.6392,12.0000
9.140,100.00,100.6349,-1.0265,8.1451
9.150,100.00,101.0223,-0.6349,12.0000
9.160,100.00,100.6307,-1.0223,8.1444
9.170,100.00,101.0181,-0.6307,12.0000
9.180,100.00,100.6264,-1.0181,8.1437
9.190,100.00,101.0139,-0.6264,12.0000
9.200,100.00,100.6222,-1.0139,8.1429
9.210,100.00,101.0098,-0.6222,12.0000
9.220,100.00,100.6180,-1.0098,8.1422
9.230,100.00,101.0057,-0.6180,12.0000
9.240,100.00,100.6138,-1.0057,8.1415
9.250,100.00,101.0016,-0.6138,12.0000
9.260,100.00,100.6097,-1.0016,8.1407
9.270,100.00,100.9975,-0.6097,12.0000
9.280,100.00,100.6055,-0.9975,8.1400
9.290,100.00,100.9934,-0.6055,12.0000
9.300,100.00,100.6014,-0.9934,8.1393
9.310,100.00,100.9894,-0.6014,12.0000
9.320,100.00,100.5973,-0.9894,8.1386
9.330,100.00,100.9854,-0.5973,12.0000
9.340,100.00,100.5933,-0.9854,8.1379
9.350,100.00,100.9814,-0.5933,12.0000
9.360,100.00,100.5892,-0.9814,8.1372
9.370,100.00,100.9774,-0.5892,12.0000
9.380,100.00,100.5852,-0.9774,8.1365
9.390,100.00,100.9735,-0.5852,12.0000
9.400,100.00,100.5812,-0.9735,8.1358
9.410,100.00,100.9695,-0.5812,12.0000
9.420,100.00,100.5772,-0.9695,8.1351
9.430,100.00,100.9656,-0.5772,12.0000
9.440,100.00,100.5732,-0.9656,8.1344
9.450,100.00,100.9617,-0.5732,12.0000
9.460,100.00,100.5692,-0.9617,8.1337
9.470,100.00,100.9579,-0.5692,12.0000
9.480,100.00,100.5653,-0.9579,8.1331
9.490,100.00,100.9540,-0.5653,12.0000
9.500,100.00,100.5614,-0.9540,8.1324
9.510,100.00,100.9502,-0.5614,12.0000
9.520,100.00,100.5575,-0.9502,8.1317
9.530,100.00,100.9464,-0.5575,12.0000
9.540,100.00,100.5536,-0.9464,8.1310
9.550,100.00,100.9426,-0.5536,12.0000
9.560,100.00,100.5498,-0.9426,8.1304
9.570,100.00,100.9388,-0.5498,12.0000
9.580,100.00,100.5460,-0.9388,8.1297
9.590,100.00,100.9350,-0.5460,12.0000
9.600,100.00,100.5421,-0.9350,8.1290
9.610,100.00,100.9313,-0.5421,12.0000
9.620,100.00,100.5384,-0.9313,8.1284
9.630,100.00,100.9276,-0.5384,12.0000
9.640,100.00,100.5346,-0.9276,8.1277
9.650,100.00,100.9239,-0.5346,12.0000
9.660,100.00,100.5308,-0.9239,8.1271
9.670,100.00,100.9202,-0.5308,12.0000
9.680,100.00,100.5271,-0.9202,8.1264
9.690,100.00,100.9165,-0.5271,12.0000
9.700,100.00,100.5234,-0.9165,8.1258
9.710,100.00,100.9129,-0.5234,12.0000
9.720,100.00,100.5197,-0.9129,8.1251
9.730,100.00,100.9093,-0.5197,12.0000
9.740,100.00,100.5160,-0.9093,8.1245
9.750,100.00,100.9057,-0.5160,12.0000
9.760,100.00,100.5123,-0.9057,8.1239
9.770,100.00,100.9021,-0.5123,12.0000
9.780,100.00,100.5087,-0.9021,8.1232
9.790,100.00,100.8985,-0.5087,12.0000
9.800,100.00,100.5051,-0.8985,8.1226
9.810,100.00,100.8950,-0.5051,12.0000
9.820,100.00,100.5015,-0.8950,8.1220
9.830,100.00,100.8914,-0.5015,12.0000
9.840,100.00,100.4979,-0.8914,8.1214
9.850,100.00,100.8879,-0.4979,12.0000
9.860,100.00,100.4943,-0.8879,8.1207
9.870,100.00,100.8844,-0.4943,12.0000
9.880,100.00,100.4908,-0.8844,8.1201
9.890,100.00,100.8810,-0.4908,12.0000
9.900,100.00,100.4872,-0.8810,8.1195
9.910,100.00,100.8775,-0.4872,12.0000
9.920,100.00,100.4837,-0.8775,8.1189
9.930,100.00,100.8741,-0.4837,12.0000
9.940,100.00,100.4802,-0.8741,8.1183
9.950,100.00,100.8706,-0.4802,12.0000
9.960,100.00,100.4768,-0.8706,8.1177
9.970,100.00,100.8672,-0.4768,12.0000
9.980,100.00,100.4733,-0.8672,8.1171
9.990,100.00,100.8638,-0.4733,12.0000
